/*
SQLyog Ultimate v12.09 (64 bit)
MySQL - 10.1.13-MariaDB : Database - rridbdev
*********************************************************************
*/

/*!40101 SET NAMES utf8 */;

/*!40101 SET SQL_MODE=''*/;

/*!40014 SET @OLD_UNIQUE_CHECKS=@@UNIQUE_CHECKS, UNIQUE_CHECKS=0 */;
/*!40014 SET @OLD_FOREIGN_KEY_CHECKS=@@FOREIGN_KEY_CHECKS, FOREIGN_KEY_CHECKS=0 */;
/*!40101 SET @OLD_SQL_MODE=@@SQL_MODE, SQL_MODE='NO_AUTO_VALUE_ON_ZERO' */;
/*!40111 SET @OLD_SQL_NOTES=@@SQL_NOTES, SQL_NOTES=0 */;
CREATE DATABASE /*!32312 IF NOT EXISTS*/`rridbdev` /*!40100 DEFAULT CHARACTER SET latin1 */;

USE `rridbdev`;

/*Table structure for table `eimportdt` */

DROP TABLE IF EXISTS `eimportdt`;

CREATE TABLE `eimportdt` (
  `noinvoice` varchar(25) DEFAULT NULL,
  `partno` varchar(35) DEFAULT NULL,
  `qty` int(25) DEFAULT NULL,
  `unit_price` double DEFAULT NULL,
  `kd_curr` varchar(10) DEFAULT NULL
) ENGINE=InnoDB DEFAULT CHARSET=latin1;

/*Data for the table `eimportdt` */

/*Table structure for table `eimporthd` */

DROP TABLE IF EXISTS `eimporthd`;

CREATE TABLE `eimporthd` (
  `idinvoicehd` int(11) NOT NULL AUTO_INCREMENT,
  `noinvoice` varchar(25) NOT NULL,
  `tglinvoice` date DEFAULT NULL,
  `kd_supplier` varchar(10) DEFAULT NULL,
  `userid` varchar(10) DEFAULT NULL,
  PRIMARY KEY (`noinvoice`),
  KEY `idinvoicehd` (`idinvoicehd`)
) ENGINE=InnoDB DEFAULT CHARSET=latin1;

/*Data for the table `eimporthd` */

/*Table structure for table `invoice_dt` */

DROP TABLE IF EXISTS `invoice_dt`;

CREATE TABLE `invoice_dt` (
  `noinvoice` varchar(25) DEFAULT NULL,
  `nopertek` varchar(50) DEFAULT NULL,
  `kd_kategori` varchar(10) DEFAULT NULL,
  `partno` varchar(35) DEFAULT NULL,
  `qty` int(25) DEFAULT NULL,
  `unit_price` double DEFAULT NULL,
  `kd_curr` varchar(10) DEFAULT NULL
) ENGINE=InnoDB DEFAULT CHARSET=latin1;

/*Data for the table `invoice_dt` */

/*Table structure for table `invoice_hd` */

DROP TABLE IF EXISTS `invoice_hd`;

CREATE TABLE `invoice_hd` (
  `idinvoicehd` int(11) NOT NULL AUTO_INCREMENT,
  `noinvoice` varchar(25) NOT NULL,
  `tgl_invoice` date DEFAULT NULL,
  `tgl_aju` date DEFAULT NULL,
  `noaju` varchar(10) DEFAULT NULL,
  `kd_supplier` varchar(10) DEFAULT NULL,
  `pelabuhan_muat` varchar(20) DEFAULT NULL,
  `negara_asal` varchar(20) DEFAULT NULL,
  `nodaftar_pib` varchar(10) DEFAULT NULL,
  `tgldaftar_pib` date DEFAULT NULL,
  `userid` varchar(10) DEFAULT NULL,
  PRIMARY KEY (`noinvoice`),
  KEY `idinvoicehd` (`idinvoicehd`)
) ENGINE=InnoDB DEFAULT CHARSET=latin1;

/*Data for the table `invoice_hd` */

/*Table structure for table `ms_barang` */

DROP TABLE IF EXISTS `ms_barang`;

CREATE TABLE `ms_barang` (
  `partno` varchar(35) NOT NULL,
  `uraian_barang` varchar(250) DEFAULT NULL,
  `nohs` int(10) DEFAULT NULL,
  `satuan` varchar(5) DEFAULT NULL,
  PRIMARY KEY (`partno`)
) ENGINE=InnoDB DEFAULT CHARSET=latin1;

/*Data for the table `ms_barang` */

insert  into `ms_barang`(`partno`,`uraian_barang`,`nohs`,`satuan`) values ('2RSP-23','HOSE END ',2147483647,'PCS'),('30B-119','SPILAGE TUBE (RB)  ',2147483647,'PCS'),('71W5ALR-625X01','PAN SUPPORT PACKING RB-33 ',2147483647,'PCS'),('90309454(SPH425)','POP NUT',2147483647,'PCS'),('90404632','FAN SCREW (BIG) ',2147483647,'PCS'),('90436762','ROLLET SCREW (M 4X15) ',2147483647,'PCS'),('9224415018','SCREW R.HOOD ',2147483647,'PCS'),('AS-DIA-5.3MMX100MM-01','SUS 310S STUD BOLT DIA 5.3MMX100MM (STAINLESS SCREW)',2147483647,'PCS'),('AS-DIA-5.3MMX100MM-02','SUS 310S STUD BOLT DIA 5.3MMX180MM (STAINLESS SCREW)',2147483647,'PCS'),('AS-DIA.-38X1.5T','SUS 310S WASHER DIA. 38X1.5T PARTS FOR ENAMEL FURNACE',2147483647,'PCS'),('AS-DIA.-38X2.0MM-THICK','SUS 310S WASHER DIA. 38X2.0MM THICK',2147483647,'PCS'),('AS-HANGER','HANGER SUS',2147483647,'PCS'),('AS-M6','SUS 310S NUT M-6 PARTS FOR ENAMEL FURNACE',2147483647,'PCS'),('AS-RACKING-01','BACK SIDE STOPPER (FOR SHUTTLE PALLET RACKING)',2147483647,'PCS'),('AS-RACKING-02','FRONT SIDE STOPPER (FOR SHUTTLE PALLET RACKING)',2147483647,'PCS'),('AS-RACKING-03','SIDE STOPPER (FOR SHUTTLE PALLET RACKING)',2147483647,'PCS'),('AS-RACKING-04','RACKING (COMPLETED SET) ',2147483647,'SETS'),('AS-SELF-TAPPING','SELF TAPPING INSERT ',2147483647,'PCS'),('AS-SPEED-CLIP-M6','SUS 304 SPEED CLIP M6 (ENAMEL MACHINE)',2147483647,'PCS'),('AS-SUS-310S','SUS 310S STUD BOLT ( STAINLESS SCREW)',2147483647,'PCS'),('AU19-113','HOSE END PACKING',2147483647,'PCS'),('B/16/01','TEST',121554,'PCS'),('B2A1-5X02','ELECTRODE COVER (RH-902/904)',2147483647,'PCS'),('B2A10-9','DAMPER (EHA/B)',2147483647,'PCS'),('B2A117-6X02','ELECTRODE (RB-712/713)',2147483647,'PCS'),('B2A6-1BKX10','SIMMER BURNER HEAD (CERAMIC COAT) RB-3E/RB-4E',2147483647,'PCS'),('B2A7-5','SPRING (RH/RB) ',2147483647,'PCS'),('B2A96-1','BURNER HEAD BIG DIA. 114',2147483647,'PCS'),('B2A99-1','BURNER HEAD TTC DIA. 110',2147483647,'PCS'),('B2B100-1-2','M BURNER HEAD CERAMIC COAT ',2147483647,'PCS'),('B2B100-1-3','M BURNER HEAD PLATING',2147483647,'PCS'),('B2B103-2-1X01','SIMMER BURNER HEAD (BUFFING) RB-2EH (NEW)',2147483647,'PCS'),('B2B103-2-2X01','SIMMER BURNER HEAD (CERAMIC COAT ) RB-2SS  ',2147483647,'PCS'),('B2B103-2-3X01','SIMMER BURNER HEAD (BUFFING + PLATING 2)',2147483647,'PCS'),('B2B103-3-2x01-PL','H BURNER DIA. 151 (BUFFING + PLATING 2) DIA. 9',2147483647,'PCS'),('B2B104-1-2X04','H BURNER HEAD (CERAMIC COAT) RDB-22',2147483647,'PCS'),('B2B104-1-3X04','H BURNER HEAD (BUFFING + PLATING 2) LPG',2147483647,'PCS'),('B2B105-3-2-PL','BURNER M (BUFFING + PLATING)  ',2147483647,'PCS'),('B2B107-1-2','INNER BURNER ASSY  ',2147483647,'PCS'),('B2B107-1C-2','INNER BURNER ASSY (TG) ',2147483647,'PCS'),('B2B107-1X05','INNER FLAME BURNER ASSY SPAREPARTS FOR 2/3/4 BURNER COOKER',2147483647,'PCS'),('B2B107-6K','UPPER RECTIFIER PANEL',2147483647,'PCS'),('B2B121-1-2','INNER BURNER ASSY S  ',2147483647,'PCS'),('B2B121-1C-2','INNER BURNER ASSY A  ',2147483647,'PCS'),('B2B121-5-011','S UPPER RECTIFIER',2147483647,'PCS'),('B2B121-8','SPILLAGE TUBE ',2147483647,'PCS'),('B2B126-3-3','BURNER H ASSY (CERAMIC COAT)',2147483647,'PCS'),('B2B146-02S','SIMMER BURNER HEAD ',2147483647,'PCS'),('B2B146-06sx03','VENTURY BURNER (S)',2147483647,'PCS'),('B2B146-08SX01','H BURNER STOPPER PLATE RB-7503D',2147483647,'PCS'),('B2B148-03x05','H BURNER BODY ASSY (SEMI DOUBLE RING)  ',2147483647,'PCS'),('B2B149-04x03','S BURNER BODY ASSY ',2147483647,'PCS'),('B2B153-01SX01','H BURNER HEAD (RB-7502/7503D)',2147483647,'PCS'),('B2B153-03s','H BURNER BODY ASSY  ',2147483647,'PCS'),('B2B154-01S','S BURNER HEAD RB-7503D  ',2147483647,'PCS'),('B2B154-02S','S BURNER BODY ',2147483647,'PCS'),('B2B154-04SX01','S BURNER STOPPER PLATE RB-7503D',2147483647,'PCS'),('B2B155-07','THERMOCOUPLE BRACKET H',2147483647,'PCS'),('B2B160-07','THERMOCOUPLE BRACKET S',2147483647,'PCS'),('B2B75-1-2X06','BURNER HEAD DM3 (CERAMIC COAT) RB',2147483647,'PCS'),('B2B75-5X01','STOPPER PLATE DM3 (RB)',2147483647,'PCS'),('B2B83-10','ELECTRODE SPRING BRACKET',2147483647,'PCS'),('B4A3-5X02','CONN TUBE FIXING PLATE (RB-2/3/4E)',2147483647,'PCS'),('BG4-85x01','STOPPER RING (RB)',2147483647,'PCS'),('C002D-04000-2','GOVERNOR  ',2147483647,'PCS'),('C10I-30X04','MICRO SWITCH ASSY ',2147483647,'PCS'),('C5Q1-4','STEM GUIDE  ',2147483647,'PCS'),('CP-20532-21.5','WASHER S (NG) 13 T',2147483647,'PCS'),('CP-20532-23,5','WASHER (TG)',2147483647,'PCS'),('CP-21331','FLANGE (RB) ',2147483647,'PCS'),('CP-21580','SCREW SWCH 16A (RB)',2147483647,'PCS'),('CP-21591-3','SCREW ',2147483647,'PCS'),('CP-21591X01','SCREW ',2147483647,'PCS'),('CP-21676-0406TK','SCREW RB-3E/RB-4E',2147483647,'PCS'),('CP-21676-0410TK','SCREW RB-3E/RB-4E',2147483647,'PCS'),('CP-21694','DAMPER ASSY',2147483647,'PCS'),('CP-21720','DAMPER ASSY N',2147483647,'PCS'),('CP-21752','DAMPER ASSY H  ',2147483647,'PCS'),('CP-30295-6','SCREW ',2147483647,'PCS'),('CP-30488X01','CONN TUBE BRACKET (RB)  ',2147483647,'PCS'),('CP-30541','HOSE END  (RB-33) ',2147483647,'PCS'),('CP-50419BX01','PLUG HOLDER',2147483647,'PCS'),('CP-60055S-0.36X02','MAIN NOZZLE F/ S BURNER DIA. 0,36 (LPG) RB',2147483647,'PCS'),('CP-60055S-0.41X02','MAIN NOZZLE DIA. 0,41',2147483647,'PCS'),('CP-60055S-0.60X02','MAIN NOZZLE DIA. 0,60',2147483647,'PCS'),('CP-60055S-0.73x02','MAIN NOZZLE DIA. 0,73',2147483647,'PCS'),('CP-60055S-0.75X02','MAIN NOZZLE F/ M BURNER DIA. 0,75 (LPG) RB-2E',2147483647,'PCS'),('CP-60055S-0.85X02','MAIN NOZZLE DIA. 0,85 (LPG)',2147483647,'PCS'),('CP-60055S-0.95x02','MAIN NOZZLE F/ H BURNER DIA. 0,95 (LPG) RB-2E',2147483647,'PCS'),('CP-60055S-1.35X02','MAIN NOZZLE F/ M-S BURNER DIA. 1,35 (TG)',2147483647,'PCS'),('CP-60055S-1.5X02','MAIN NOZZLE F/ S BURNER DIA. 1,5 (TG) RB',2147483647,'PCS'),('CP-60055S-2.85X02','MAIN NOZZLE F/ H BURNER DIA. 2,85 (TG)',2147483647,'PCS'),('CP-60055S-3.15X02','MAIN NOZZLE F/ HS BURNER DIA. 3,15 (TG) RB',2147483647,'PCS'),('CP-60098X01-0.45','SUPER NOZZLE DIA. 0,45 F/H-S BURNER (LPG)',2147483647,'PCS'),('CP-60098X01-0.95','SUPER NOZZLE DIA. 0,95 F/H BURNER (LPG)',2147483647,'PCS'),('CP-80452','SCREW RB-2E',2147483647,'PCS'),('CP-90107-26','WIRE CLIP (RH/RB) ',2147483647,'PCS'),('DIA-3TX2000L','POLISHED SUS310S ',2147483647,'KGM'),('G3000LZC','ZINC-LIGHT PIPE (RAW MATERIAL 1)  ZL8X0.7X4400 ',2147483647,'KGM'),('G3EZ-06-6X0.7X466','COPPER PLATE STEEL PIPE ',2147483647,'PCS'),('HE12-01F','DAMPER ASSY (FOR H BURNER)',2147483647,'PCS'),('HE12-01G','DAMPER ASSY (SIMMER FOR H BURNER)',2147483647,'PCS'),('HE12-04','DAMPER ASSY (FIXER FOR H BURNER/SUS)',2147483647,'PCS'),('HE12-15A','DAMPER ASSY (FIXER FOR S/ES BURNER)',2147483647,'PCS'),('HE13-02A','DAMPER ASSY (SPRING) ',2147483647,'PCS'),('HE14-03A.Y058','MAIN NOZZLE (S SIMMER DIA.0.58/LPG)  ',2147483647,'PCS'),('HE14-03A.Y068','MAIN NOZZLE (S BURNER DIA.0.68/LPG)  ',2147483647,'PCS'),('HE14-03B.Y044','MAIN NOZZLE (M SIMMER DIA.0.44/LPG) ',2147483647,'PCS'),('HE14-03B.Y048','MAIN NOZZLE (H SIMMER DIA.0.48/PG)  ',2147483647,'PCS'),('HE14-10.Y092','MAIN NOZZLE (M BURNER DIA. 0.92/LPG)',2147483647,'PCS'),('HE14-10.Y095','MAIN NOZZLE (H BURNER DIA. 0.95/LPG)',2147483647,'PCS'),('HE21-05','HOSE END SET',2147483647,'PCS'),('HE21-06','HOSE END SET (NUT)',2147483647,'PCS'),('HE28-02A','ELECTRODE (FIXER)',2147483647,'PCS'),('HE28-02B','ELECTRODE (FIXER)',2147483647,'PCS'),('HE29-05A','WIRE FIXER ',2147483647,'PCS'),('HE29-10A','HOSE END COVER (G1/2 PIPE) ',2147483647,'PCS'),('HE29-20','PAN SUPPORT PACKING (SILICON PAD)',2147483647,'PCS'),('HE29-28','PAN SUPPORT PACKING (SILICON PAD) ',2147483647,'PCS'),('HE9-02A','LEG ASSY  ',2147483647,'PCS'),('HRE0001A2.0X01','H BURNER BODY ASSY (LPG + TG)  ',2147483647,'PCS'),('HRE0001A3-1(Y.T)x03','H BURNER HEAD (LPG + NG)  ',2147483647,'PCS'),('HRE0001A4-1(Y.T)','SIMMER BURNER HEAD H (LPG)  ',2147483647,'PCS'),('HRE0001A5-1','BURNER SUPPORT H',2147483647,'PCS'),('HRE0001A6-1','SEAL PACKING H   ',2147483647,'PCS'),('HRE0001B2.0','M BURNER BODY ASSY  ',2147483647,'PCS'),('HRE0001B3-1(Y.T)LP','M BURNER HEAD (LPG) ',2147483647,'PCS'),('HRE0001B4-1(Y,T)','SIMMER BURNER HEAD M (LPG)  ',2147483647,'PCS'),('HRE0001B5-1','BURNER SUPPORT M ',2147483647,'PCS'),('HRE0001B6-1','SEAL PACKING M ',2147483647,'PCS'),('HRE0001C2-2X01','BURNER SUPPORT S  ',2147483647,'PCS'),('HRE0001C2.0AX01','S BURNER  BODY ',2147483647,'PCS'),('HRE0001C3-1(Y,T)-X02','SIMMER BURNER HEAD (LPG) ',2147483647,'PCS'),('HRE0001C6-1X02','SEAL PACKING S  ',2147483647,'PCS'),('HS-3/16R','WIRE CLIP (C.HOOD )',2147483647,'PCS'),('HS002A1-1-04-Y1','VENTURY BURNER (S)',2147483647,'PCS'),('HS059A1-1-04-Y1','VENTURY BURNER (S)',2147483647,'PCS'),('HS059A1-1-05-Y1','MAIN VENTURY ASSY (ES VENTURY BURNER) ',2147483647,'PCS'),('HS059A2.0(R)-B2-C1','S BURNER BODY ASSY (ES/TG) ',2147483647,'PCS'),('HS059A2.0(Y.T)-A2-C1','S BURNER BODY ASSY (LPG)',2147483647,'PCS'),('HS059A2.0(Y.T)-B2-C1','S BURNER BODY ASSY (ES/LPG)  ',2147483647,'PCS'),('HS059A3-1(Y.T)-A','S BURNER HEAD (LPG)',2147483647,'PCS'),('HS059A3-1(Y.T)-B','BURNER HEAD (ES/LPG)',2147483647,'PCS'),('HS069A4-1(Y.T)','SIMMER BURNER HEAD (M/LPG)',2147483647,'PCS'),('HS084A3-1-B(Y.T)','SIMMER BURNER HEAD (M/LPG) ',2147483647,'PCS'),('HS084A3-1B(R)','M BURNER HEAD (TG)  ',2147483647,'PCS'),('HS087A2.0(Y.T)-B-C1','M BURNER BODY ASSY (TG) ',2147483647,'PCS'),('HS088A2.0(Y.T)-A2','H BURNER BODY ASSY (LPG)',2147483647,'PCS'),('HS088A3-1(Y.T)','H BURNER HEAD (LPG)',2147483647,'PCS'),('HS088A4-1(Y.T)','SIMMER BURNER HEAD (H/LPG)',2147483647,'PCS'),('HZQ015B0-05A','DAMPER ASSY (FIXER FOR H BURNER/GLASS)',2147483647,'PCS'),('HZQ015B0-08B','DAMPER ASSY (S/ES BURNER)',2147483647,'PCS'),('HZQ060C1-08','BURNER COVER',2147483647,'PCS'),('HZQ253A1-16','ELECTRODE (BRASS SLEEVE)',2147483647,'PCS'),('HZQ253A1-17','THERMOCOUPLE BRACKET (BRASS SLEEVE)  ',2147483647,'PCS'),('HZQ288A1-01','TOP PLATE (RB-93US)  ',2147483647,'PCS'),('HZQ288A1-02','CASING (RB 93 SUS) ',2147483647,'PCS'),('HZQ288A1-03','PAN SUPPORT H ',2147483647,'PCS'),('HZQ288A1-04','PAN SUPPORT S  ',2147483647,'PCS'),('HZQ288A1-05-00','MANIFOLD PIPE ASSY (RB-93/PAINT)  ',2147483647,'PCS'),('HZQ288A1-06','VENTURY SUPPORT (S)  ',2147483647,'PCS'),('HZQ288A1-07','VENTURY SUPPORT (H)  ',2147483647,'PCS'),('HZQ288A1-08','GAS VALVE FIXING PLATE (SUPPORT)  ',2147483647,'PCS'),('HZQ288A1-09','TOP PLATE (SUPPORT)  ',2147483647,'PCS'),('HZQ288A1-10','KNOB PACKING (SUS)',2147483647,'PCS'),('HZQ288A1-11.L450','ELECTRODE ASSY (H BURNER/RB-7/9)',2147483647,'PCS'),('HZQ288A1-11.L700','ELECTRODE ASSY (H BURNER/RB-9)',2147483647,'PCS'),('HZQ288A1-12.L350','ELECTRODE ASSY (S/ES BURNER/RB-7/9)',2147483647,'PCS'),('HZQ288A1-13-00','KNOB',2147483647,'PCS'),('HZQ288A1-15','THERMOCOUPLE BRACKET (SCREW BRASS SLEEVE)',2147483647,'PCS'),('HZQ288A1-17','BURNER CONN TUBE (LEFT/MAIN ASSY RB 93U) ',2147483647,'PCS'),('HZQ288A1-18','BURNER CONN TUBE (LEFT/ SIMMER ASSY RB-93U)',2147483647,'PCS'),('HZQ288A1-19','BURNER CONN TUBE (RIGHT/ MAIN ASSY RB-93U)',2147483647,'PCS'),('HZQ288A1-20','BURNER CONN TUBE (RIGHT/SIMMER ASSY RB-93U)',2147483647,'PCS'),('HZQ288A1-21','BURNER CONN TUBE (MIDDLE ASSY RB-93U)',2147483647,'PCS'),('HZQ288B1-02','CASING (RB 92/93 GLASS)  ',2147483647,'PCS'),('HZQ288B1-03A','BURNER COVER (H/LHS)',2147483647,'PCS'),('HZQ288B1-03B','BURNER COVER (H/RHS) ',2147483647,'PCS'),('HZQ288B1-03C','BURNER COVER (H/FRONT RHS)  ',2147483647,'PCS'),('HZQ288B1-04','BURNER COVER (SUPPORT H)',2147483647,'PCS'),('HZQ288B1-05','BURNER COVER PACKING H',2147483647,'PCS'),('HZQ288B1-06A','BURNER COVER (S/BACK RHS) ',2147483647,'PCS'),('HZQ288B1-06B','BURNER COVER (S/FRONT RHS) ',2147483647,'PCS'),('HZQ288B1-06C','BURNER COVER (ES/BACK RHS) ',2147483647,'PCS'),('HZQ288B1-07','BURNER COVER PACKING S',2147483647,'PCS'),('HZQ288B1-08','BURNER COVER (SUPPORT S) ',2147483647,'PCS'),('HZQ288B1-09','KNOB PACKING (GLASS)',2147483647,'PCS'),('HZQ289A1-03','BURNER CONN TUBE (LEFT/SIMMER ASSY RB 93T) ',2147483647,'PCS'),('HZQ289A1-04','BURNER CONN TUBE (RIGHT/MAIN ASSY RB 93T)',2147483647,'PCS'),('HZQ289A1-05','BURNER CONN TUBE (RIGHT/SIMMER ASSY RB 93T)',2147483647,'PCS'),('HZQ289A1-06','BURNER CONN TUBE (RIGHT/ SIMMER ASSY RB-93T)',2147483647,'PCS'),('HZQ289A1-07','BURNER CONN TUBE (MIDDLE ASSY RB-93T)',2147483647,'PCS'),('HZQ290A1-01','TOP PLATE (RB-73TS)  ',2147483647,'PCS'),('HZQ290A1-03-00','MANIFOLD PIPE ASSY (RB-73/PAINT) ',2147483647,'PCS'),('HZQ290A1-04','BURNER CONN TUBE (LEFT/MAIN ASSY RB 73)  ',2147483647,'PCS'),('HZQ290A1-05','BURNER CONN TUBE (LEFT/SIMMER ASSY RB 73) ',2147483647,'PCS'),('HZQ290A1-06','BURNER CONN TUBE (RIGHT/UPPER ASSY RB 73)  ',2147483647,'PCS'),('HZQ290A1-07','BURNER CONN TUBE (RIGHT/FRONT ASSY RB 73)  ',2147483647,'PCS'),('HZQ290B1-02','CASING (RB 72/73 GLASS)  ',2147483647,'PCS'),('HZQ291A1-01','TOP PLATE (RB-72S)  ',2147483647,'PCS'),('HZQ291A1-02','CASING (RB-72/73 SUS)',2147483647,'PCS'),('HZQ291A1-02-00','MANIFOLD PIPE ASSY (RB-72/PAINT)  ',2147483647,'PCS'),('HZQ291A1-03','BURNER CONN TUBE (LEFT/MAIN ASSY RB 72) ',2147483647,'PCS'),('HZQ291A1-04','BURNER CONN TUBE (LEFT/ SIMMER ASSY RB-72)',2147483647,'PCS'),('HZQ291A1-05','BURNER CONN TUBE (RIGHT/MAIN ASSY RB 72) ',2147483647,'PCS'),('HZQ291A1-06','BURNER CONN TUBE (RIGHT/SIMMER ASSY RB 72)',2147483647,'PCS'),('HZQ292B1-02-00','MANIFOLD PIPE ASSY (RB-92/PAINT)  ',2147483647,'PCS'),('HZQ292B1-03','BURNER CONN TUBE (LEFT/ MAIN ASSY RB-92)',2147483647,'PCS'),('HZQ292B1-04','BURNER CONN TUBE (LEFT/ SIMMER ASSY RB-92)',2147483647,'PCS'),('HZQ292B1-05','BURNER CONN TUBE (RIGHT/ MAIN ASSY RB-92)',2147483647,'PCS'),('HZQ292B1-06','BURNER CONN TUBE (RIGHT/ SIMMER ASSY RB-92)',2147483647,'PCS'),('JFE443CT-KB0,4X94XC','COLD ROLLED STAINLESS STEEL STRIP ( BURNER TOP SMALL (RAW MATERIAL 2 ) ',2147483647,'KGM'),('JFE443CT0.4X68XC','COLD ROLLED STAINLESS STEEL STRIP (INNER CUP SMALL (RAW MATERIAL 12) ',2147483647,'KGM'),('JK0007-132','KNOB (BLACK) RRDB62S',2147483647,'PCS'),('JK0010-031-1S','KNOB (SILK) RB-712/713N-S',2147483647,'PCS'),('JK0010-031-2S','KNOB (SILK) RB-7502/7503D-SSS  ',2147483647,'PCS'),('JK0010-031-3S','KNOB (SILK) RB-7502/7503D-GBS  ',2147483647,'PCS'),('JK0010-058','KNOB PACKING RB712/3 N-S ',2147483647,'PCS'),('JK0010-059','KNOB PACKING RB-712/3 N-G  ',2147483647,'PCS'),('JK0010-064','BURNER COVER PACKING H (RB-712/713N)',2147483647,'PCS'),('JK0010-065','BURNER COVER PACKING S (RB-713N)',2147483647,'PCS'),('JK0010-085','PAN SUPPORT H (ENAMEL) RB-72/3 SV ',2147483647,'PCS'),('JK0010-087','PAN SUPPORT S (ENAMEL) RB-73SV ',2147483647,'PCS'),('JK0022-002L','PAN SUPPORT H LHS SRDB62S/63S (HKCG)  ',2147483647,'PCS'),('JK0022-002R','PAN SUPPORT H RHS SRDB62S/63S (HKCG)',2147483647,'PCS'),('JK0022-003','PAN SUPPORT CENTER SRDB63S (HKCG)',2147483647,'PCS'),('JK0022-004','PAN SUPPORT CENTER SRDB62S (HKCG)',2147483647,'PCS'),('JK0022-007S','INTAKE GUARD  ',2147483647,'PCS'),('JK0022-013','BURNER COVER PACKING H (RB-7502/7503D)',2147483647,'PCS'),('JK0022-014','BURNER COVER PACKING S (RB-7503D)',2147483647,'PCS'),('JK0022-025','PAN SUPPORT PACKING RB-7502/7503D  ',2147483647,'PCS'),('JK0022-037','PAN SUPPORT H RB-7502/7503D-GBS',2147483647,'PCS'),('JK0022-038','PAN SUPPORT S RB-7503D-GBS',2147483647,'PCS'),('JK0022-062/73-RM','MANIFOLD PIPE (HKCG) SRDB62/63S  ',2147483647,'PCS'),('JK0023-047-2','SCREW CASING (SRDB62/3S) ',2147483647,'PCS'),('JK0036-005','CASING ',2147483647,'PCS'),('JK0036-006','CASING SUPPORT PLATE ',2147483647,'PCS'),('JK0036-008','GAS VALVE FIXING PLATE  ',2147483647,'PCS'),('JK0037-005','CASING RB-64G ',2147483647,'PCS'),('JK0037-006','CASING SUPPORT PLATE (RB-64G) ',2147483647,'PCS'),('JK0037-010X01','MANIFOLD PIPE ASSY (RB-64G) ',2147483647,'PCS'),('JK0039-005-1','CASING RB-94/5G ',2147483647,'PCS'),('JK0039-006','CASING SUPPORT PLATE (RB-94/5G) ',2147483647,'PCS'),('JK0039-009X01','GAS VALVE FIXING PLATE ',2147483647,'PCS'),('JK0039-013','SPARKER SHIELD PLATE ',2147483647,'PCS'),('JK0039-016','HOSE END COVER (RB-33)',2147483647,'PCS'),('JK0039-017','MANIFOLD COVER (HEAT SHIELD PLATE)',2147483647,'PCS'),('JK0039-020S','KNOB   ',2147483647,'PCS'),('JK0039-092','MANIFOLD PIPE ASSY (RB-95G)  ',2147483647,'PCS'),('JK0039-093','MANIFOLD PIPE ASSY (RB-64G) ',2147483647,'PCS'),('JY60000','PAN ADAPTOR (RB-712/713)  ',2147483647,'PCS'),('K01-059','S BURNER HEAD (M/TG)',2147483647,'PCS'),('N730J2-152-011','DRIP PAN S ',2147483647,'PCS'),('R152-201-1-RM','TOP PLATE (RI-522) SUS (MATERIAL 1)  MS04X0010-XXXS1500-1 SUS 430BA 0.4X483X725 ',2147483647,'KGM'),('RB-344-HS','VENTURY BURNER (HP-SILVER) ',2147483647,'PCS'),('RB2GNT-102K','BURNER COVER H (RB-3SI)  ',2147483647,'PCS'),('RB2RHS-151','TOP PLATE (PRINT) RB-2A',2147483647,'PCS'),('RB3-113','BURNER CONN TUBE SUPPORT',2147483647,'PCS'),('RB3G-210GX02','ELECTRODE (RB-2EH/3SS)',2147483647,'PCS'),('RB3G-213','KNOB PACKING  ',2147483647,'PCS'),('RB3G-314X02-HS','VENTURY BURNER M (HP-SILVER)  ',2147483647,'PCS'),('RB3G-344','THERMOCOUPLE BRACKET M',2147483647,'PCS'),('RB3GH-123X01','BURNER COVER PACKING (RB-2GH)',2147483647,'PCS'),('RB3J-155','GAS VALVE FIXING PLATE',2147483647,'PCS'),('RB3J-157','M BURNER VENTURY SUPPORT',2147483647,'PCS'),('RB3RHS-127-450','ELECTRODE SEMI ASSY L=450',2147483647,'PCS'),('RB3RHS-127-650','ELECTRODE ASSY L=650',2147483647,'PCS'),('RB3RHS-136X02','PAN SUPPORT (RB-3A)  ',2147483647,'PCS'),('RB3RHS-137','ELECTRODE FIXING SPRING',2147483647,'PCS'),('RB3RHS-157-1SL','KNOB  (SILVER)  ',2147483647,'PCS'),('RB3RHS-157-2PB','KNOB (PEAR BLACK) ',2147483647,'PCS'),('RB3RHS-169','SEAL PAD (RB-3A)  ',2147483647,'PCS'),('RB3RHS-171-HS','SEALED BURNER VENTURY H (HP-SILVER)',2147483647,'PCS'),('RB3RHS-179','BURNER COVER PACKING M/S  ',2147483647,'PCS'),('RB3SS-112','BURNER COVER PACKING M ',2147483647,'PCS'),('RB3SS-120','TOP PLATE (PRINT) RB-3SS  ',2147483647,'PCS'),('RB3SS-122X01','CASING RB-3SS (PAINT) ',2147483647,'PCS'),('RB3SS-201','PAN SUPPORT H RB-3SS   ',2147483647,'PCS'),('RB3SS-202','PAN SUPPORT M RB-3SS',2147483647,'PCS'),('RB3SS-203','PAN SUPPORT H RB-3SI    ',2147483647,'PCS'),('RB3SS-204','PAN SUPPORT M RB-3SI  ',2147483647,'PCS'),('RB4E-171-2G-K','KNOB GREY ASSY RB-2EA/B (MARKING)',2147483647,'PCS'),('RB4E-171-2W-K','KNOB WHITE ASSY RB-2EA/B (MARKING)',2147483647,'PCS'),('RB4E-216','HOSE END (RB-2/RB-3)',2147483647,'PCS'),('RB4E-221','TOP BURNER HS (PLATING 2)',2147483647,'PCS'),('RB4E-306A','MAIN CONNECTING ELBOW ASSY (GEN)',2147483647,'PCS'),('RB4E-307A','MAIN CONNECTING ELBOW ASSY  ',2147483647,'PCS'),('RB712-023','WOK ADAPTOR RB-3SS   ',2147483647,'PCS'),('REY-1031','BURNER E (W/O PLATING)  ',2147483647,'PCS'),('REY-1246FC-15','GRILL PLATE (COMMON)  ',2147483647,'PCS'),('RI-300-002','BURNER BODY ',2147483647,'PCS'),('RI-300-003','PAN SUPPORT (BOTTOM)  ',2147483647,'PCS'),('RI-300-004','PAN SUPPORT (SIDE) ',2147483647,'PCS'),('RI-300-005','BURNER HEAD  ',2147483647,'PCS'),('RI-300-006','KNOB ASSY (RI-300HP) ',2147483647,'PCS'),('RI52-263','LEG ASSY  ',2147483647,'PCS'),('RI52-264','LEG ASSY (RB)  ',2147483647,'PCS'),('RI7-201-1-RM2','TOP PLATE (RI-712) SUS (MATERIAL 2)  MS05X0001-XXXS1600-1 SUS 430BA 0.5X464X775 ',2147483647,'KGM'),('RIT-0272X03','BURNER HEAD SMALL (NEW)  ',2147483647,'PCS'),('RIT-0273X05','BURNER  HEAD BIG (NEW)  ',2147483647,'PCS'),('RIT-0293','BURNER HEAD /NANO (LIGHT) ',2147483647,'PCS'),('RJB33N-109','S BURNER FIXING PLATE A',2147483647,'PCS'),('RJB33N-119','S BURNER CONN TUBE SUPPORT',2147483647,'PCS'),('RJB72N-105K','DRIP PAN',2147483647,'PCS'),('RJB72N-108','BURNER BRACKET  ',2147483647,'PCS'),('RJB72N-114','SPARKER SHIELD PLATE  ',2147483647,'PCS'),('RJB72N-119','ELECTRODE BRACKET',2147483647,'PCS'),('RJB72N-120','SPILAGE TUBE',2147483647,'PCS'),('RJB72N-130','KNOB PACKING  ',2147483647,'PCS'),('RM-04-0009-SU2','TOP PLATE (RI-602) SUS (MATERIAL 1)  MS04X0008-XXXS1500-1 SUS 430BA 0.4X424X746 ',2147483647,'KGM'),('RM-04-0016-SA','GRILL PAN RY (RAW MATERIAL 4) SAID40 0.4X310X1135',2147483647,'KGM'),('RM-08-0002-SU4','TOP PLATE (SUS) RB-7502/7503D (RAW MATERIAL 1) MS08X0007-XXXS2600-1 SUS 304 BA NO.4.08 X510X827 ',2147483647,'KGM'),('RM-08-0003-SU2','TOP PLATE (SUS) RB-712/713N (RAW MATERIAL 3)  MS08X0006-XXXS1600-1 SUS 430 BA NO.4 0.8X510X825 ',2147483647,'KGM'),('RM-40-0002-RD','REMUDO (RAW MATERIAL 2) RC2-4:4.0X11X1353',2147483647,'KGM'),('RSB2-01X01','PAN SUPPORT (BLACKING) RI-2RSP ',2147483647,'PCS'),('RSB2-14X03','BURNER BODY RI-2/4RSP (PLATING)',2147483647,'PCS'),('RSB2-15','VENTURY BURNER RI-2/4RSP (PLATING 2)',2147483647,'PCS'),('RSB4-08X01','PAN SUPPORT (BLACKING) RI-4RSP ',2147483647,'PCS'),('RT-570-129/130-C','BURNER UPPER/LOWER (RAW MATERIAL 2)  MC04X0001-XXXS1600-1 SUS 430 2B 0.4X226X COIL ',2147483647,'KGM'),('RVN-JK0010-006','BURNER SUPPORT H RB-3311S/3312S ',2147483647,'PCS'),('RVN-JK0010-007','BURNER SUPPORT S RB-3311S/3312S (SUPPORT PLATE FOR BURNER VENTURY S) ',2147483647,'PCS'),('SRJB73S-140BK','KNOB (BLACK) SRDB-62/63S  ',2147483647,'PCS'),('STKM11A-13.8X2.1X630','PIPE (STKM11A 13.8X2.1X630)',2147483647,'PCS'),('SUS-301CSP0.25X18.2XCOIL','O RING WASHER ',2147483647,'KGM'),('SUS-310S-240MM-X-L1500MM-X-T6.0','SEAMLESS PIPE SUS 310S 240MM X L1500MM X T6.0 PARTS FOR ENAMEL FURNACE',2147483647,'PCS'),('SZ129-034','ELECTRODE PACKING  ',2147483647,'PCS'),('SZ129-035','TC PACKING ',2147483647,'PCS'),('SZ129-050','DAMPER ASSY HS ',2147483647,'PCS'),('TL-289-001','PAN SUPPORT  ',2147483647,'PCS'),('TL-289-002X01','BURNER BODY  ',2147483647,'PCS'),('TL-289-004','PILOT HOLDER COVER ',2147483647,'PCS'),('TL-289-005','KNOB ASSY (TL-289)  ',2147483647,'PCS'),('TL-289-006A','GAS VALVE TOTAL ASSY A',2147483647,'PCS'),('TP-01793-1X01','BURNER HEAD HS (CERAMIC COAT) RB-3E/RB-4E (OLD)',2147483647,'PCS'),('U271-401','HOSE END ',2147483647,'PCS'),('V642-00-0','ORING PUSHING PLATE',2147483647,'PCS'),('V646-00-0X01','VALVE SPRING ',2147483647,'PCS'),('V649-00-1X01','PUSH SPRING (RHS) ',2147483647,'PCS'),('ZAA-0530-SZ','SCREW CASING ',2147483647,'PCS'),('ZEAB0306SZ','SCREW ',2147483647,'PCS'),('ZHAA0406ASZ','SCREW ',2147483647,'PCS'),('ZHAB0610SZ','SCREW',2147483647,'PCS'),('ZHAC0608SZ','SCREW SET ',2147483647,'PCS'),('ZHAC0616SZ','SCREW SET ',2147483647,'PCS'),('ZSCB04AK','WASHER ',2147483647,'PCS'),('ZUA05SZ','E RING ',2147483647,'PCS');

/*Table structure for table `ms_curr` */

DROP TABLE IF EXISTS `ms_curr`;

CREATE TABLE `ms_curr` (
  `kd_curr` varchar(5) NOT NULL,
  `nama_curr` varchar(10) DEFAULT NULL,
  PRIMARY KEY (`kd_curr`)
) ENGINE=InnoDB DEFAULT CHARSET=latin1;

/*Data for the table `ms_curr` */

insert  into `ms_curr`(`kd_curr`,`nama_curr`) values ('IDR','RUPIAH'),('USD','DOLLAR'),('YEN','YEN JAPAN');

/*Table structure for table `ms_kategori` */

DROP TABLE IF EXISTS `ms_kategori`;

CREATE TABLE `ms_kategori` (
  `kd_kategori` varchar(10) NOT NULL,
  `nama_kategori` varchar(100) DEFAULT NULL,
  PRIMARY KEY (`kd_kategori`)
) ENGINE=InnoDB DEFAULT CHARSET=latin1;

/*Data for the table `ms_kategori` */

insert  into `ms_kategori`(`kd_kategori`,`nama_kategori`) values ('K01','ELECTRODE PACKING,ELECTRODE BRACKET,ELECTRODE FIXING SPRING,ELECTRODE (FIXER),ELECTRODE SPRING BRACK'),('K02','PAN SUPPORT;PAN SUPPORT (SIDE);PAN SUPPORT (BOTTOM);PAN SUPPORT S;PAN SUPPORT H'),('K03','INNER BURNER ASSY A;INNER BURNER ASSY;INNER BURNER ASSY S'),('K05','VENTURY BURNER (S);VENTURY BURNER M (HP-SILVER);VENTURY BURNER RI-2/4RSP (PLATING 2)'),('K06','MANIFOLD PIPE ASSY (RB-64G);MANIFOLD PIPE ASSY (RB-64G)'),('K07','KNOB ASSY (TL-289);KNOB (BLACK) SRDB-62/63S;KNOB PACKING;KNOB;KNOB PACKING'),('K08','SIMMER BURNER HEAD;SIMMER BURNER HEAD (BUFFING + PLATING 2);SIMMER BURNER HEAD (H/LPG)'),('K09','LEG ASSY (RB);LEG ASSY;LEG ASSY'),('K10','TOP PLATE (RB-72S);TOP PLATE (RB-73TS);TOP PLATE (SUPPORT);TOP PLATE (RB-93US)'),('K11','BURNER BODY;BURNER BRACKET;S BURNER FIXING PLATE A;S BURNER CONN TUBE SUPPORT;BURNER HEAD;M BURNER V'),('K12','CASING SUPPORT PLATE;BURNER CONN TUBE SUPPORT;DAMPER ASSY HS;GAS VALVE FIXING PLATE'),('K13','GOVERNOR;GRILL PLATE (COMMON);HOSE END;MAIN NOZZLE DIA. 0,85 (LPG)'),('K14','MANIFOLD COVER (HEAT SHIELD PLATE);SPARKER SHIELD PLATE;S UPPER RECTIFIER;UPPER RECTIFIER PANEL'),('K15','SEAL PACKING S;SEAL PACKING M;SEAL PACKING H;THERMOCOUPLE BRACKET M;THERMOCOUPLE BRACKET (SCREW BRAS');

/*Table structure for table `ms_supplier` */

DROP TABLE IF EXISTS `ms_supplier`;

CREATE TABLE `ms_supplier` (
  `kd_supplier` varchar(10) NOT NULL,
  `nama_supplier` varchar(20) DEFAULT NULL,
  `alamat` varchar(100) DEFAULT NULL,
  PRIMARY KEY (`kd_supplier`)
) ENGINE=InnoDB DEFAULT CHARSET=latin1;

/*Data for the table `ms_supplier` */

insert  into `ms_supplier`(`kd_supplier`,`nama_supplier`,`alamat`) values ('s0001','AIDA GREATER ASIA PT','NO.1 BUKIT BATOK CRESCENT #02-60 WCEGA PLAZA, SING'),('S0002','CHIA FAR INDUSTRIAL ','2F NO.83 TAI YUAN ROAD,TAIPEI,TAIWAN'),('s0003','CREFORM YAZAKI (THAI','9/103 MOO 5,PHAHOLYOTHIN RD., TAMBOL KLONG NUENG,A'),('s0004','DAIDO KOGYO CO., LTD','1-1-10, HIGASHISAKURA HIGASHI-KU, NAGOYA, JAPAN 46'),('s0005','FOSHAN SHUNDE MINGHO','NO.11,2RD FLOOR ,QIAOBANG INTERNATIONAL APARTMENT,'),('s0006','GANG JHENG TRADING C','1F,NO.99,LANE 231,SEC4,SANHE RD,SANCHONG CITY,TAIP'),('s0007','HAYAKAWA ELECTRONICS','MAIN AVENUE CORNER FIRST STREET, CAVITE EXPORT PRO'),('s0008','JIANGSU UNION LOGIST','F5, ZHENYEYUAN BUILDING,NO 18,SUOYE ROAD,JIANYE DI'),('s0009','JIH SHIN ENAMEL CO.,','NO.8 DATONG RD., WUCI DIST,TAICHUNG 43541,TAIWAN R'),('s0010','KESKIN KIMYA SAN.TIC','BAGDAT MAH 144, SOK NO.6 UZUNTARLA KARTEPE KOCAELI'),('s0011','KESKIN KIMYA SANAYI ','BURUNSUZ MEVKI CENDERE YOLU UZERI NO.38, KEMERBURG'),('s0012','KESKIN KIMYA SANAYI ','IBRIKDERE MH.144 SK. NO.6 /UZUNTARLA/KARTEPE/KOCAE'),('s0013','NEWTIME IMPORT AND E','UNIT 15, BUILDING 75 LIJING GARDEN, DONGFENG TOWN,'),('s0014','ORIIMEC CORPORATION ','80 MARINE PARADE ROAD #13-03,PARKWAY PARADE'),('s0015','RINNAI (THAILAND) CO','37/6 MOO 3, SOI KAISAKDAVAT, THEPHARAK ROAD, BANGP'),('s0016','RINNAI CORPORATION','2-26,FUKUZUMI-CHO,NAKAGAWA, NAGOYA'),('s0017','RINNAI TAIWAN CORPOR','326 NO.577,SEC 2,MEI SHIH RD. YANG-MEI,TAO-YUAN,TA'),('s0018','RINNAI VIETNAM CO., ','DONG AN INDUSTRIAL PARK, THUAN AN DISTRICT, BINH D'),('s0019','SCHOTT GLASS TECHNOL','NO.79, HUOJU ROAD SND, SUZHOU. CHINA 215009'),('s0020','SHANGHAI RINNAI CO.,','1520 PUDONG BEI ROAD SHANGHAI, CHINA'),('s0021','SHARP MIND TECHNOLOG','LOT B8,DAI DANG INDUSTRIAL PARK,THU DAU MOT CITY,B'),('s0022','SHUNDE NATIVE PRODUC','NO.16, NORTH RONGGUI DAO, SHUNDE, GUANGDONG, CHINA'),('s0023','TOMATEC (XIAMEN) FIN','GUANKOU SANSHE, JIMEI, XIAMEN, CHINA 361023');

/*Table structure for table `ms_user` */

DROP TABLE IF EXISTS `ms_user`;

CREATE TABLE `ms_user` (
  `username` varchar(10) NOT NULL,
  `password` varchar(50) DEFAULT NULL,
  `full_name` varchar(25) DEFAULT NULL,
  `privilege` varchar(5) DEFAULT NULL,
  `email` varchar(25) DEFAULT NULL,
  PRIMARY KEY (`username`)
) ENGINE=InnoDB DEFAULT CHARSET=latin1;

/*Data for the table `ms_user` */

insert  into `ms_user`(`username`,`password`,`full_name`,`privilege`,`email`) values ('ADMIN','89e6d2b383471fc','FARITNO','ADMIN','farit@rinnai.co.id'),('BEJO','89e6d2b383471fc','BEJO AJA','USER','bejo@aja.com'),('LISA','9cfa4d1e82017cd','LISA','USER','lisa@rinnai.co.id'),('TRI','2388bc86265943d','TRI','ADMIN','tri@rinnai.co.id');

/*Table structure for table `pengajuan_dt1` */

DROP TABLE IF EXISTS `pengajuan_dt1`;

CREATE TABLE `pengajuan_dt1` (
  `id_sub` int(11) NOT NULL AUTO_INCREMENT,
  `nopengajuan` varchar(25) DEFAULT NULL,
  `kd_kategori` varchar(10) DEFAULT NULL,
  `kuota` int(11) DEFAULT NULL,
  `ukuran` varchar(25) DEFAULT NULL,
  `keterangan` text,
  PRIMARY KEY (`id_sub`)
) ENGINE=InnoDB AUTO_INCREMENT=72 DEFAULT CHARSET=latin1;

/*Data for the table `pengajuan_dt1` */

insert  into `pengajuan_dt1`(`id_sub`,`nopengajuan`,`kd_kategori`,`kuota`,`ukuran`,`keterangan`) values (51,'P001','K01',35000,'',''),(52,'P001','K02',95000,'',''),(53,'P001','K03',90000,'',''),(55,'P001','K05',65000,'',''),(56,'P001','K06',11400,'',''),(57,'P001','K07',100000,'',''),(58,'P001','K08',4200000,'',''),(59,'P001','K09',3000000,'',''),(60,'P001','K10',32300,'',''),(61,'P002','K11',5000,'',''),(62,'P002','K12',190000,'',''),(63,'P002','K13',130000,'',''),(64,'P002','K14',114000,'',''),(65,'P002','K15',90000,'','');

/*Table structure for table `pengajuan_dt2` */

DROP TABLE IF EXISTS `pengajuan_dt2`;

CREATE TABLE `pengajuan_dt2` (
  `nopengajuan` varchar(25) DEFAULT NULL,
  `id_sub` int(11) DEFAULT NULL,
  `partno` varchar(25) NOT NULL
) ENGINE=InnoDB DEFAULT CHARSET=latin1;

/*Data for the table `pengajuan_dt2` */

insert  into `pengajuan_dt2`(`nopengajuan`,`id_sub`,`partno`) values ('P001',51,'SZ129-034'),('P001',51,'RJB72N-119'),('P001',51,'RB3RHS-137'),('P001',51,'HE28-02A'),('P001',51,'B2B83-10'),('P001',52,'TL-289-001'),('P001',52,'RI-300-004'),('P001',52,'RI-300-003'),('P001',52,'HZQ288A1-04'),('P001',52,'HZQ288A1-03'),('P001',53,'B2B121-1C-2'),('P001',53,'B2B107-1-2'),('P001',53,'B2B121-1-2'),('P001',54,'HS002A1-1-04-Y1'),('P001',54,'RB3G-314X02-HS'),('P001',54,'RSB2-15'),('P001',55,'RSB2-15'),('P001',55,'RB3G-314X02-HS'),('P001',55,'HS002A1-1-04-Y1'),('P001',56,'JK0039-093'),('P001',56,'JK0037-010X01'),('P001',57,'TL-289-005'),('P001',57,'SRJB73S-140BK'),('P001',57,'RJB72N-130'),('P001',57,'JK0039-020S'),('P001',57,'RB3G-213'),('P001',58,'B2B146-02S'),('P001',58,'B2B103-2-3X01'),('P001',58,'HS088A4-1(Y.T)'),('P001',59,'RI52-264'),('P001',59,'RI52-263'),('P001',59,'HE9-02A'),('P001',60,'HZQ291A1-01'),('P001',60,'HZQ290A1-01'),('P001',60,'HZQ288A1-09'),('P001',60,'HZQ288A1-01'),('P002',61,'TL-289-002X01'),('P002',61,'RJB72N-108'),('P002',61,'RJB33N-109'),('P002',61,'RJB33N-119'),('P002',61,'RI-300-005'),('P002',61,'RB3J-157'),('P002',62,'JK0036-006'),('P002',62,'RB3-113'),('P002',62,'SZ129-050'),('P002',62,'RB3J-155'),('P002',63,'C002D-04000-2'),('P002',63,'REY-1246FC-15'),('P002',63,'U271-401'),('P002',63,'CP-60055S-0.85X02'),('P002',64,'JK0039-017'),('P002',64,'JK0039-013'),('P002',64,'B2B121-5-011'),('P002',64,'B2B107-6K'),('P002',65,'HRE0001C6-1X02'),('P002',65,'HRE0001B6-1'),('P002',65,'HRE0001A6-1'),('P002',65,'RB3G-344'),('P002',65,'HZQ288A1-15');

/*Table structure for table `pengajuan_hd` */

DROP TABLE IF EXISTS `pengajuan_hd`;

CREATE TABLE `pengajuan_hd` (
  `idpengajuan` int(11) NOT NULL AUTO_INCREMENT,
  `nopengajuan` varchar(25) NOT NULL,
  `tgl_pengajuan` date DEFAULT NULL,
  `status` varchar(10) DEFAULT NULL,
  `user` varchar(10) DEFAULT NULL,
  PRIMARY KEY (`nopengajuan`),
  KEY `id` (`idpengajuan`)
) ENGINE=InnoDB AUTO_INCREMENT=16 DEFAULT CHARSET=latin1;

/*Data for the table `pengajuan_hd` */

insert  into `pengajuan_hd`(`idpengajuan`,`nopengajuan`,`tgl_pengajuan`,`status`,`user`) values (8,'P001','2017-08-30','nonactive','ADMIN'),(9,'P002','2017-09-19','nonactive','ADMIN');

/*Table structure for table `pertek_dt1` */

DROP TABLE IF EXISTS `pertek_dt1`;

CREATE TABLE `pertek_dt1` (
  `id_sub` int(11) NOT NULL,
  `nopertek` varchar(50) DEFAULT NULL,
  `kd_kategori` varchar(10) DEFAULT NULL,
  `kuota` int(11) DEFAULT NULL,
  `sisa_kuota` int(11) DEFAULT NULL,
  `ukuran` varchar(25) DEFAULT NULL,
  `keterangan` text,
  PRIMARY KEY (`id_sub`)
) ENGINE=InnoDB DEFAULT CHARSET=latin1;

/*Data for the table `pertek_dt1` */

insert  into `pertek_dt1`(`id_sub`,`nopertek`,`kd_kategori`,`kuota`,`sisa_kuota`,`ukuran`,`keterangan`) values (51,'PERTEK-2017-09-0002','K01',35000,35000,'',''),(52,'PERTEK-2017-09-0002','K02',95000,95000,'',''),(53,'PERTEK-2017-09-0002','K03',90000,90000,'',''),(55,'PERTEK-2017-09-0002','K05',65000,65000,'',''),(56,'PERTEK-2017-09-0002','K06',11400,11400,'',''),(57,'PERTEK-2017-09-0002','K07',100000,100000,'',''),(58,'PERTEK-2017-09-0002','K08',4200000,4200000,'',''),(59,'PERTEK-2017-09-0002','K09',3000000,3000000,'',''),(60,'PERTEK-2017-09-0002','K10',32300,32300,'',''),(61,'PERTEK-2017-09-0001','K11',5000,5000,'',''),(62,'PERTEK-2017-09-0001','K12',190000,190000,'',''),(63,'PERTEK-2017-09-0001','K13',130000,130000,'',''),(64,'PERTEK-2017-09-0001','K14',114000,114000,'',''),(65,'PERTEK-2017-09-0001','K15',90000,90000,'','');

/*Table structure for table `pertek_dt2` */

DROP TABLE IF EXISTS `pertek_dt2`;

CREATE TABLE `pertek_dt2` (
  `nopertek` varchar(50) DEFAULT NULL,
  `id_sub` int(11) DEFAULT NULL,
  `partno` varchar(25) NOT NULL
) ENGINE=InnoDB DEFAULT CHARSET=latin1;

/*Data for the table `pertek_dt2` */

insert  into `pertek_dt2`(`nopertek`,`id_sub`,`partno`) values ('PERTEK-2017-09-0001',61,'TL-289-002X01'),('PERTEK-2017-09-0001',61,'RJB72N-108'),('PERTEK-2017-09-0001',61,'RJB33N-109'),('PERTEK-2017-09-0001',61,'RJB33N-119'),('PERTEK-2017-09-0001',61,'RI-300-005'),('PERTEK-2017-09-0001',61,'RB3J-157'),('PERTEK-2017-09-0001',62,'JK0036-006'),('PERTEK-2017-09-0001',62,'RB3-113'),('PERTEK-2017-09-0001',62,'SZ129-050'),('PERTEK-2017-09-0001',62,'RB3J-155'),('PERTEK-2017-09-0001',63,'C002D-04000-2'),('PERTEK-2017-09-0001',63,'REY-1246FC-15'),('PERTEK-2017-09-0001',63,'U271-401'),('PERTEK-2017-09-0001',63,'CP-60055S-0.85X02'),('PERTEK-2017-09-0001',64,'JK0039-017'),('PERTEK-2017-09-0001',64,'JK0039-013'),('PERTEK-2017-09-0001',64,'B2B121-5-011'),('PERTEK-2017-09-0001',64,'B2B107-6K'),('PERTEK-2017-09-0001',65,'HRE0001C6-1X02'),('PERTEK-2017-09-0001',65,'HRE0001B6-1'),('PERTEK-2017-09-0001',65,'HRE0001A6-1'),('PERTEK-2017-09-0001',65,'RB3G-344'),('PERTEK-2017-09-0001',65,'HZQ288A1-15'),('PERTEK-2017-09-0002',51,'SZ129-034'),('PERTEK-2017-09-0002',51,'RJB72N-119'),('PERTEK-2017-09-0002',51,'RB3RHS-137'),('PERTEK-2017-09-0002',51,'HE28-02A'),('PERTEK-2017-09-0002',51,'B2B83-10'),('PERTEK-2017-09-0002',52,'TL-289-001'),('PERTEK-2017-09-0002',52,'RI-300-004'),('PERTEK-2017-09-0002',52,'RI-300-003'),('PERTEK-2017-09-0002',52,'HZQ288A1-04'),('PERTEK-2017-09-0002',52,'HZQ288A1-03'),('PERTEK-2017-09-0002',53,'B2B121-1C-2'),('PERTEK-2017-09-0002',53,'B2B107-1-2'),('PERTEK-2017-09-0002',53,'B2B121-1-2'),('PERTEK-2017-09-0002',54,'HS002A1-1-04-Y1'),('PERTEK-2017-09-0002',54,'RB3G-314X02-HS'),('PERTEK-2017-09-0002',54,'RSB2-15'),('PERTEK-2017-09-0002',55,'RSB2-15'),('PERTEK-2017-09-0002',55,'RB3G-314X02-HS'),('PERTEK-2017-09-0002',55,'HS002A1-1-04-Y1'),('PERTEK-2017-09-0002',56,'JK0039-093'),('PERTEK-2017-09-0002',56,'JK0037-010X01'),('PERTEK-2017-09-0002',57,'TL-289-005'),('PERTEK-2017-09-0002',57,'SRJB73S-140BK'),('PERTEK-2017-09-0002',57,'RJB72N-130'),('PERTEK-2017-09-0002',57,'JK0039-020S'),('PERTEK-2017-09-0002',57,'RB3G-213'),('PERTEK-2017-09-0002',58,'B2B146-02S'),('PERTEK-2017-09-0002',58,'B2B103-2-3X01'),('PERTEK-2017-09-0002',58,'HS088A4-1(Y.T)'),('PERTEK-2017-09-0002',59,'RI52-264'),('PERTEK-2017-09-0002',59,'RI52-263'),('PERTEK-2017-09-0002',59,'HE9-02A'),('PERTEK-2017-09-0002',60,'HZQ291A1-01'),('PERTEK-2017-09-0002',60,'HZQ290A1-01'),('PERTEK-2017-09-0002',60,'HZQ288A1-09'),('PERTEK-2017-09-0002',60,'HZQ288A1-01');

/*Table structure for table `pertek_hd` */

DROP TABLE IF EXISTS `pertek_hd`;

CREATE TABLE `pertek_hd` (
  `idpertek` int(11) NOT NULL AUTO_INCREMENT,
  `nopertek` varchar(50) NOT NULL,
  `nopengajuan` varchar(25) NOT NULL,
  `tgl_mulai` date DEFAULT NULL,
  `tgl_exp` date DEFAULT NULL,
  `user` varchar(20) DEFAULT NULL,
  `status` varchar(10) DEFAULT NULL,
  PRIMARY KEY (`nopertek`,`nopengajuan`),
  KEY `idpertek` (`idpertek`)
) ENGINE=InnoDB AUTO_INCREMENT=9 DEFAULT CHARSET=latin1;

/*Data for the table `pertek_hd` */

insert  into `pertek_hd`(`idpertek`,`nopertek`,`nopengajuan`,`tgl_mulai`,`tgl_exp`,`user`,`status`) values (7,'PERTEK-2017-09-0001','P002','2017-09-20','2018-03-20','ADMIN','active'),(8,'PERTEK-2017-09-0002','P001','2017-09-26','2018-03-26','ADMIN','active');

/*Table structure for table `query` */

DROP TABLE IF EXISTS `query`;

CREATE TABLE `query` (
  `user` varchar(10) NOT NULL,
  `menu` varchar(50) NOT NULL,
  `query` text NOT NULL,
  PRIMARY KEY (`user`,`menu`)
) ENGINE=InnoDB DEFAULT CHARSET=latin1;

/*Data for the table `query` */

/*Table structure for table `sequence` */

DROP TABLE IF EXISTS `sequence`;

CREATE TABLE `sequence` (
  `nama_field` varchar(20) NOT NULL,
  `nomor_terakhir` varchar(20) DEFAULT NULL,
  `remark` varchar(10) DEFAULT NULL,
  PRIMARY KEY (`nama_field`)
) ENGINE=InnoDB DEFAULT CHARSET=latin1;

/*Data for the table `sequence` */

/*!40101 SET SQL_MODE=@OLD_SQL_MODE */;
/*!40014 SET FOREIGN_KEY_CHECKS=@OLD_FOREIGN_KEY_CHECKS */;
/*!40014 SET UNIQUE_CHECKS=@OLD_UNIQUE_CHECKS */;
/*!40111 SET SQL_NOTES=@OLD_SQL_NOTES */;
